"registration_id","hacker_id","username","nickname","github_raw","registered_at"
172806,215901,"akshmnd","Akash Mondal","akash-mondal",1782737843
172809,93511,"armsves","armsves","armsves",1782739057
172811,197605,"Gwill","big14way","big14way",1782740065
172812,207962,"emarc99","emarc99","emarc99",1782740106
172816,340792,"U_e8c032fb4c743a","hacker75e21a4","",1782741533
172830,227363,"hassanmubiru","Hassan Mubiru","hassanmubiru",1782752581
172832,340807,"Denarii_DFI","One Millions Devs","kashifbashir204-netizen",1782752902
172862,337089,"johnpraise","Johnpraise","Otuja",1782775236
172904,340879,"katrixrldd","KatrixReloaded","KatrixReloaded",1782806813
172913,164582,"U_4b3a39db82fafc","vmmunoza","",1782811885
172914,340893,"D_castra","Castraccani","adebayo3478",1782813376
172916,340896,"zmrfzn","zmrfzn","zmrfzn",1782815758
172917,94716,"U_a12c0956ce2b20","ESE-MONDAY","",1782816095
172918,142582,"maues","Maues","x-maues",1782817335
172936,332764,"soesoe","soesoe","kataenda",1782826287
172947,340937,"mmac-dev","Max MacFarlane","mmac-dev",1782832914
172949,96520,"U_9a8ed9d9bd60f7","ta77130","TAWFIKQERAN",1782833489
172952,192319,"doublepush","DoublePush","",1782836494
172956,328519,"Pdwadkar","Prasad Wadkar","WPrasad99",1782837204
172959,80126,"ivanmolto","Ivan Molto","ivanmolto",1782838056
172962,74781,"EVMlord","EVMlord","EVMlord",1782839990
172963,252257,"akanimoh","Akan","Akanimoh12",1782840421
173048,338971,"Theotech","Theotech","Theophilus20",1782875992
173058,340994,"selvasiva","Siva","sivadst",1782886684
173077,322905,"southen_","southen_","southenempire",1782906568
173081,185826,"defiGhost","GhOsT","LawrenceKU03",1782909751
173087,334453,"freehoodies","freehoodies","beatp-bit",1782911774
173105,77118,"aditya91","Aditya","aditya000099",1782925062
173110,99836,"U_656438fce19a7d","N DIVIJ","N-45div",1782926175
173119,320286,"Sztch","Sztch","SZtch",1782938544
173125,88895,"U_f827025ab903a6","mr-abims","",1782942792
173143,341049,"flareflec","CV | FLEC Hub","FlareFlec",1782959438
173150,98206,"shubhangisarvade","shubhangisarvade","shubhangisarvade",1782965346
173180,320241,"Tabassum","Tabassum","Tabassum-0",1782990790
173185,333850,"U_4a1cf89c7aa632","Mr.ooo","a252937166",1782993538
173225,228633,"yashannadate","YashOnCode","yashannadate",1783018863
173239,341219,"G1Flare","G1","sakalbills-source",1783043316
173251,320892,"rawakinode","Rawakinode","rawakinode",1783056222
173254,242757,"U_50436697c435a8","hacker66329cf","",1783059749
173262,332664,"U_552745cc4990f8","tharunkumar","tharunkumar3691",1783066004
173306,340374,"adil_ca","ADIL CA","",1783083654
173326,261828,"kartikTyagi101","Kartik Tyagi","lucifer1017",1783089886
173398,177579,"U_13712b3bdb6cf4","CodeBlocker52","0xNerd",1783107323
173408,65418,"U_2cf22f75811917","hacker5139","Ted1166",1783120415
173414,337189,"ligulfzhou","ligulfzhou","ligulfzhou",1783136842
173440,339692,"lsjlc123","Lirus Li","TBYQ",1783166341
173453,325701,"loujan_b","Loujan B","louji2308",1783174542
173469,341200,"TheBlondeNado","TheBlondeNado","",1783182761
173491,341220,"eriquituzz","Eriquituzz","iaserveraims",1783200074
173493,341222,"Wilja8","Wilja","Wilja8",1783200105
173525,217565,"U_97d7581681b723","leitoDM77","",1783210573
173542,300367,"luckyivanius","lucky-ivanius","lucky-ivanius",1783234271
173554,321677,"U_30573d6c919c2","n-dlms","n-dlms",1783244069
173557,253141,"U_33bb13784ea11b","Derojuu","Derojuu",1783245161
173566,165579,"shera","Shera","",1783252449
173594,50816,"rajkaria","Raj","rajkaria",1783269212
173606,297469,"hickson","hicksonhaziel","hicksonhaziel",1783281166
173622,341341,"Shreyansh01singh","shreyansh singh","shreyansh001boy-tech",1783302967
173624,341522,"poko0123","Poko","",1783303783
173632,314405,"U_79f8fec4072ea3","hacker7e7c6e8","KabiththananParan",1783310419
173640,341544,"GanjaFlare","GanjaFlare","GanjaFlare",1783321482
173660,207331,"wildanre","wildanre","wildanre",1783340742
173674,212492,"U_8f92b902959b9e","muriud","riush03",1783352407
173686,333837,"sithunyein","Sithu Nyein","thesithunyein",1783362597
173687,341646,"mrish_abh27","Rishabh Mishra","user-Rishabh",1783362947
173706,341672,"U_57cb6b1d6bbd1f","Rynorasaurus","",1783383793
173707,324985,"sadiq_codes","Sadiq Abubakar","sediq247",1783384172
173710,340788,"BurstLabs_io","BurstLabs","",1783386160
173711,262897,"U_d50cf73d759360","Ayomide daniel","githoboman",1783386213
173724,341461,"U_c238d7f6463dfc","hacker67403a7","",1783409776
173736,312733,"faked","faked","0xfaked",1783416719
173737,162108,"statistician","hacker8c11991","",1783417156
173738,334228,"Ehonrie","Ehonrie","Ehonrie",1783417486
173742,333699,"Igboze","Igboze","igboze",1783423434
173779,341652,"ByRepProtocol","ByRep Protocol","byrepprotocol",1783453475
173833,308401,"U_7aefb670f9e3a1","hacker521e684","",1783490174
173845,11783,"U_dc9d6b76bfbf4d","Abdulazeez41","Abdulazeez41",1783494878
173846,28341,"U_7ff303cd3c40ec","luongs3","luongs3",1783495889
173856,313713,"U_cb369a3318a2","hacker65557fc","Miracle-Alajemba",1783503360
173864,340121,"SHEEN","hackerSheen","",1783513792
173865,177030,"singh_sach","SachPlayZ","SachPlayZ",1783514877
173885,337653,"wizardskull","demonchant","demonchant",1783527016
173888,310658,"U_ee558087b3fba5","Otakucomrade","0takuc0mrade",1783528085
173889,315992,"Gudman","Ridwannurudeen","Ridwannurudeen",1783528164
173890,314131,"zicjoe","Isaac Joe","zicjoe",1783528263
173897,341004,"thegalaxyknight","the-galaxy-knight","the-galaxy-knight",1783531065
173929,341958,"U_d80ac598c6613a","lexvijin","var12958",1783560888
173930,302108,"U_124fd8180bb7b1","hacker4d85407","PanSHIgg",1783562340
173935,220307,"SamuelOwen","Rapithelmy","Samuel1505",1783567480
173943,235795,"zireaelst","0xZireael","Zireaelst",1783588135
173948,134639,"undefined_joe","ETIM-PAUL","ETIM-PAUL",1783596286
173954,342035,"U_ea3c7ffa271686","wate6r","",1783606159
173966,103878,"U_f625c89a78a864","hacker6748908","",1783609920
173968,166629,"AbbasDev786","Abbas Bhanpura wala","Abbas-Dev-786",1783610255
173972,339994,"madeel91","Muhammad Adeel","Adeel91",1783612181
173976,316723,"Gacia","Kramu","",1783616321
173984,320976,"mrfomo","Mrfomo","mrfomoweb3",1783622024
173987,322050,"fortyxbt","47","danielamodu",1783623445
173991,339028,"U_b6f2c312d9f813","KingBeeee","KingBeeee",1783630513
173996,299525,"U_da024620e31ac8","SHIVAM","Tech-Psycho95",1783636613
174005,225507,"U_f79f051c895d6e","hacker6f1ce13","yuvrajvibhute",1783665465
174015,337081,"NaveenMN","Natri","The-Natri",1783671178
174022,341918,"solocreative","Solocreative","solocreativeone",1783679085
174023,335529,"dimk","Dimitris Kazantzis","dimk472",1783679744
174027,327624,"savage27z","SAVAGE","Savage27z",1783685010
174031,342124,"xhy","xhy","",1783686700
174032,342142,"flare_turkey","Flare Turkey","",1783688255
174034,177254,"U_779cdd0951cc1","HeraCross","contributorsambhav",1783692317
174037,338709,"gxxobst","gxxobst","",1783694070
174039,338260,"Vodka007","James Chettupuzhakkaran","Jaymzzzzzzzzz",1783695139
174043,342152,"U_e8c09e66b25f26","Shanmugapriyan M A","",1783699793
174049,341488,"loficoded","Mark","loficoded",1783710019
174065,335901,"mojeebdev","mojeebdev","mojeebdev",1783741155
174082,340969,"onchaindc","onchaindc","onchaindc",1783754426
174090,309927,"U_6ee8107edfc3a5","hacker887f79f","",1783766100
174092,252884,"U_b7c6704600d5d1","hacker76f5a42-prop","uduakobongjames55-pixel",1783767767
174103,333529,"Zerrxxz","Zerxxz","Zerxxz",1783774990
174112,122478,"Replytim","replytim001","Timothyfranx",1783780639
174123,339213,"Six_6","Vedantgosling","Vedantgosling",1783783507
174127,309455,"U_b0b44c0e5dcb53","Lucas Buigley","zzzbedream",1783785573
174128,322038,"tushar598","Tushar Singh Chouhan","tushar598",1783785951
174131,216879,"anamasgard","anamasgard","ANAMASGARD",1783787990
174159,99935,"U_f01643f638f26e","finisher","successaje",1783813032
174184,333384,"ace_won","ace","ace-coderr",1783828143
174193,252087,"U_6c066f4cf21e06","ManuelPrhyme","ManuelPrhyme",1783836277
174200,279111,"lviffy","Rohan","lviffy",1783839655
174203,341873,"U_246940f04e485c","hacker3799677","nonggde",1783842015
174214,240784,"arisnanda001","Arisnanda","arisnand01",1783846311
174219,304281,"raghavsharma","Raghav Sharma","Some1Uknow",1783851142
174223,342301,"U_4ff56f16f813d7","hacker1aae83d","",1783852939
174224,325784,"quabnation","Investorquab","Investorquab",1783854402
174225,321224,"patlu","patlu_sh","wurli-sh",1783855466
174235,323062,"Dev_on_block","Dev-In-Crypt","Dev-In-Crypt",1783863341
174261,337658,"U_29e581745d9a03","HugenOG","ffffffffhugfadil",1783872586
174263,341020,"rohitsingh","Rohit Singh Raikwar","rohitsingh-01",1783874143
174271,97752,"last_kryptonian","last_kryptonian","iBrainiac",1783878677
174282,72043,"papajams","thisyearnofear","thisyearnofear",1783900927
174285,338735,"tangvu","Tang Vu","tang-vu",1783907795
174286,208027,"musaga","jerrymusaga","jerrymusaga",1783909594
174289,342358,"Haren_huang","huangharen","huangharen",1783914928
174298,331782,"juangh123","Jason Huang","",1783929027
174305,226822,"martian3062","Pardeep","martian3062",1783939575
174308,342369,"nthmoment","Ram","NthMOMENT",1783940691
174317,154305,"U_b13efea83ba82a","trudransh","trudransh",1783947694
174325,327792,"love_light_11","Sky","Nifemi0",1783963548
174334,342440,"goyal","Ajeet Goyal","ajeet97",1783969376
174340,342413,"uy_scutty","uy scutty","uy-scutty",1783976441
174342,342445,"U_8a2816ec794fd7","hacker64b2825","",1783978288
174356,331460,"Magnuskrypt","Xrey","0xNexuz",1783999242
174373,342480,"SharkHand3","SharkHand3","SharkHand3",1784014781
174382,339753,"don1995","don_z","",1784021852
174399,105063,"U_4bd452f6b1293f","Imdavyking","",1784032902
174406,300314,"mdfaizee19","Faizee","mdfaizee19",1784036794
174408,327735,"U_7275907d3fa1f4","hacker3fdb119","kanagaabishek",1784037994
174434,342555,"U_24cyg","Salem Ododa","salemzii",1784058971
174445,335846,"U_72f5eb215349d3","Uthmannabeel","Uthmannabeel",1784068144
174471,342609,"U_0b2172add72e0f","yangyangnovelist-hub","yangyangnovelist-hub",1784112302
174475,228349,"U_3d514b5aa8459b","hacker93ab771","alokrajshahi04",1784122762
174477,317060,"qdee","qdee","dolepee",1784124441
174478,208267,"ikemHood","ikemHood","ikemHood",1784124477
174480,342245,"U_24eb7dd033c42","Coder-blessed","coder-blessed",1784125913
174482,323935,"linoxbt","lino","linoxbt",1784132601
174483,342636,"U_98edff7f0138c2","Mofifoluwa-ade","Mofifoluwa-ade",1784132907
174497,342662,"Intmian404","intmian","",1784168269
174498,142028,"U_de4536cd009978","MarxMad","MarxMad",1784170350
174504,215957,"NiftyBruh","NiftyBruh","",1784185737
174508,213152,"U_238dcb4c4c79d7","emmatheo","emmatheo",1784199992
174511,241385,"Sasha_bey","Sasha_bey","Sandijigs",1784206598
174514,286814,"U_d2bdc24e9f325f","BlaiseSegal","BlaiseSegal",1784219343
174515,333097,"U_a2018624ec3c","darealbirdie","darealbirdie",1784219917
174517,338647,"tejas69","tejas0111","tejas0111",1784223838
174523,12895,"U_776df357fc661d","lucylow","",1784242307
174524,237547,"U_a1b76140f42217","Hari","hari-hara-sudharsan",1784251585
174529,236162,"jeevan","Jovan","",1784256514
174531,342742,"U_e03887be9a44c2","Dasika-Vaishnavi","Dasika-Vaishnavi",1784258532
174535,338803,"Lukeknow0","Lukeknow0","Lukeknow0",1784265479
174542,226377,"jameshoang","James Hoang","BunnyTeddy",1784275433
174543,340223,"tamerrarda","tamerrarda","tamerrarda",1784275727
174548,62871,"mrsufferer","sufferer","MrSufferer",1784282157
174550,325992,"U_c2072d1f75bc69","hacker8992687","Cubiczan",1784288315
174552,329891,"U_598b7caf022a85","hacker1194a29","johnboscoE",1784288914
174557,342771,"U_642ea539a2f3ce","Ayush24katiyar","Ayush24katiyar",1784296769
174563,303168,"flemingjohn","Fleming John","FlemingJohn",1784301225
174564,226212,"alienworld","alienworld","alienworld1",1784303242
174568,338904,"Ace-mich1357","Ace-Mich","Amoran1357",1784305013
174578,277842,"jay_gatsby","Jay Gatsby","jayasaisrikar",1784321264
174585,254373,"U_c91dfe5b7272a7","Azz","amantajatii",1784345801
174602,289588,"prime","prime","prime1999",1784356796
174608,338774,"ives","Ives","ChiJian28",1784365219
174613,50477,"supreme","supreme2580","supreme2580",1784370582
174623,342824,"U_9c3d65d1bcecbf","pandaer119","pandaer119",1784385070
174626,342826,"U_2de1dbc9d52d74","YingchenWang999","YingchenWang999",1784388321
174653,342842,"U_79bf41f11beabd","Hugegreencandle","Hugegreencandle",1784430888
174656,178324,"utsam","utsam","Utitofon-Udoekong",1784445917
174667,333232,"Bill","Bill","iwbinb",1784463097
174670,336323,"OzBJ","Bj","bolajiev",1784467806
174674,97992,"U_c9e6d3f798caf","pisuthd","pisuthd",1784470734
174683,279654,"pextacy","Mert Marangoz","pextacy",1784485122
174696,183988,"PugarHuda","Pugar Huda Mantoro","PugarHuda",1784524933
174707,310431,"U_d3ae10b52668dd","Venkat5599","Venkat5599",1784545451
174709,198521,"DoctorIB","AdemFi","DIFoundation",1784548451
174711,321253,"U_df18d38cf14afe","Subheeksh","subheeksh5599",1784549639
174714,342177,"U_edd018189fe05e","JohnLu","jnhualu-art",1784555070
174718,207050,"U_d72814af1fa7ef","hacker6b265d8","",1784556495
174733,334491,"Yutie29","Utsav","",1784576897
174734,342971,"bashrian","hacker4982278","bashrian",1784576951
174736,342972,"U_e1f7e8f6e7e37a","Xenofic","Xenofic",1784577563
174737,334617,"U_77f97e03dcc96d","Varun5711","Varun5711",1784577569
174750,122467,"Crypt","Cryptbits","Cryptbits",1784591173
174754,322932,"U_1fb70caece45f6","hacker235a92d","Bsh54",1784597566
174767,181575,"ege_software","ege__software","egekoca",1784616326
174774,330458,"Olu_27","Olu","",1784620606
174775,237548,"abhijeethvn","ABHIJEETH V N","ABHIJEETH-V-N",1784621411
174778,342896,"echorura_music","ECHORURA","echorura",1784626467
174781,299651,"pratikshirodkar","Pratik Shirodkar","Pratik-Shirodkar",1784627131
174782,343015,"cavok","CAVOK","",1784627599
174799,324882,"U_bc853c4e4fea65","hacker44e3e4c","SamyaDeb",1784655555
174802,228731,"U_0bec84d683f4b","MAN$I VERMA","mansiverma897993",1784661064
174814,341302,"shayan","Shayan","ShawnAlisson",1784675892
174819,285164,"ChrisNCreation","ChrisNCreation","ChrisNCreations",1784678990
174839,111094,"U_bb13193a739795","Greedyworld","GreedyWorld",1784688427
174840,146596,"Sharma","Sharma","TeSharma",1784688427
174841,151165,"U_abce01cab87ea2","OVER-CODER","",1784688427
174842,150738,"U_94f0e4494ea8fd","shivamani-yamana","",1784688427
174843,138315,"sraibaby","sraibaby","gradoally",1784688427
174844,148445,"U_7f905b2953f3a4","Zhenik81","",1784688427
174845,141434,"U_834c1bdc9988b2","hacker5b776c8","Vire1886",1784688427
174846,147020,"U_cbaeb7dafe78f0","hacker74d5a4b","",1784688428
174847,144821,"U_880953470dfc5d","Hamidu46","",1784688428
174848,144287,"U_fd7456691ad0ef","hacker8609950","",1784688428
174849,139264,"U_52208b87f6930e","hacker8cdc84b","",1784688428
174850,35975,"Amberbuchtela","Abuchtela U_1d212221932a06","Abuchtela",1784688428
174851,252631,"Albary","Albary","EndPx",1784689206
174854,237541,"devnarayanan0","devash","devnarayanan0",1784691282
174855,237610,"U_7ed509c681de6","B Lakshmi Narayanan","",1784691282
174856,237612,"derp-g","Pavan S","Pavan03062006",1784691282
174870,325983,"Meedex","Ultraviolet","Ultraviolet",1784700534
174873,201731,"chain_oracle","Blockchain-Oracle","Blockchain-Oracle",1784701368
174883,326252,"edycutjong","Edy Cu","edycutjong",1784715365
174887,342968,"U_3e4182fc3cecb3","hacker88139e7","Ifechukwudaniel",1784718762
174888,342900,"U_e191ac892cdf6","hacker802ea17","FeeeeelixWong",1784719317
174889,332488,"NoBanksNearby","NoBanks Nearby","NoBanks",1784720125
174903,341852,"Aran","Aranaveng","AranAveng",1784730415
174905,254199,"chandan_989","chandan","",1784731870
174907,253542,"blvckNinja767","BLVCKNINJA999","JUICEWRLD998",1784732850
174910,175540,"steindigga","Stein","Stoneybro",1784734288
174913,301609,"minh00plus","MinhLeDaDen","minhleeee123",1784736747
174924,175878,"U_eb8895d6e95d98","hacker501b1d9","",1784752459
174930,342820,"U_535d4f7679bf65","Dicky Nu","",1784760508
174944,338558,"Artjom","Artjom","",1784790049
174947,329306,"x0Eunum","Muzammil Quraishi","0xEunum",1784790676
174952,315720,"onlinearcher","Onlinearcher","stanleykosi",1784794229
174954,343163,"U_1f60a3c669f5a6","AnubisCrypto666","AnubisCrypto666",1784794852
174959,332669,"rayyer","rayyer","RaYYeR220",1784800232
174973,343208,"U_dfcefb40d6b7f4","pplmaverick","pplmaverick",1784820844
174979,322666,"JadedOne","Jay","Jaydearcadian",1784825116
174988,340839,"Cipoklean","David","cipoklean",1784833458
174995,343226,"SolarDePin","Solar DePin","SolarDePinHub",1784834260
174999,327978,"Benita","0xbeni","Benita2001",1784835739
175004,343241,"FeltonMuggs","FeltonMuggs","FeltonMuggs",1784865710
175005,304023,"satvik_svg","Satvik_Srivastava","satvik-svg",1784866733
175006,210940,"aaditya_s3301","hackie","aaditya3301",1784867059
175011,341097,"cypherlon","mzterwalexzyy","mzterwalexzyy",1784873166
175014,330962,"U_590750f76a38cf","hacker98f3d62","",1784878977
175016,298435,"madhesh07","Madhesh","madhesh60",1784880462
175023,339442,"solution_o1","solution","solutionkanu12",1784889768
175032,343282,"U_1cbfacfc1c43a0","Abd00lmalik","Abd00lmalik",1784903086
175035,232009,"U_4dc2d6dfc9b295","hacker1614e46","Agilgeorge",1784904163
175053,74146,"Oxaje","0xaje","0xaje",1784935046
175054,343083,"Zek_eth","Zek","ezekiel6262",1784940868
175057,166740,"U_b0da43a8aaeef1","0xhaz","0xhaz",1784941537
175060,241829,"venturaa","Krisna Putra Purnomo","KrisnaPutraP",1784950171
175072,194444,"vanam0224","vanam","manav2701",1784970568
175075,343212,"pandey456","Adarsh Pandey","Pandey456",1784976116
175077,130695,"enliven","enliven","enliven17",1784976880
175083,226210,"U_2092350512158","shivanshrathore","asteroiddestroyer911",1784984690
175090,340294,"mathieuweill","Mathieu Weill","MathieuDWeill",1784991779
175091,41970,"altcoindaddy","Altcoin Daddy","AltcoinDaddy",1784991939
175095,343352,"lazydevpro","lazydevpro","lazydevpro",1784993153
175099,343247,"U_8723c93b27a0ca","Anant-0705","Anant-0705",1784997070
175109,343367,"U_f58c1eb4e6ede5","Lalaji","",1785008464
175112,251938,"an0nn43x","4n0nn43x","4n0nn43x",1785013776
175119,299627,"jrkenny","Jrkenny","Jr-kenny",1785034545
175128,343398,"U_dccc129c32bf5e","liutongxian","liutongxian",1785057028
175132,329080,"Ear_knee","hacker20d8aa7","Noah-Ian",1785062788
175141,283357,"U_5d7b3541dcc9db","darrojen","darrojen",1785068111
175150,343410,"U_3f839fd1fa7b4b","KKKcjy","KKKcjy",1785068836
175155,341301,"Alinjfz","Ali","alinjfz",1785070463
175162,120734,"U_db4ed11b7dbb8c","gracetemmy","gracetemmy",1785076802
175167,321884,"cforcheese","cheeseee","Chetna716",1785080312
175169,343429,"flarenetworkflr","FlareClaw","",1785081919
175172,67106,"caelum0x","caelum0x","caelum0x",1785082831
175188,235386,"Bee6ix",".env.local","bellobambo",1785100715
175194,343131,"Heismaximun","Maximun","Maximun8",1785109050
175210,332681,"yousun","yousunlotif-bappy","yousunlotif-bappy",1785128422
175211,325521,"andy00l","Andy00L","Andy00L",1785131293
175212,251424,"rey_02","Shreyas","Shreyassp002",1785132436
175214,98364,"ozk","oscar","olahworld",1785134646
175217,174261,"U_51be4075896119","hacker3c99b83","hien-p",1785140967
175220,65050,"nikku","Nikku.Dev","Kali-Decoder",1785144615
175222,103851,"mdlog","mdlog","mdlog",1785145847
175229,327263,"mikemoulder","MikeMoulder","MikeMoulder",1785151088
175233,343542,"U_765f4b8c1f9c91","Fexx","fexx301",1785154534
175235,325859,"ud_divine","0x_divine","divineudoka12",1785154862
175237,341851,"Zubbycrypt","Zubby Crypt","norbert351",1785156164
175241,323913,"Esimuda","Esimuda","esimuda",1785158904
175244,324315,"RobGT0","Rob","r0bops",1785160494
175245,343556,"U_28854fe19ad48d","Tushar Pamnani","tusharpamnani",1785160513
175248,342746,"U_55f48a1e347cc4","Justice","JusticeSol",1785162224
175249,224039,"Maverick001","Maverick001","abdussalam-mustapha",1785162328
175253,343565,"nostartuper","Ivan Lindberg","marshersusanin",1785165114
175260,122472,"U_465029b8dbd08","Librapraise","librapraise",1785170874
175266,255567,"ayodejiades","AYODEJI","ayodejiades",1785174429
175267,274506,"U_715bfac58664d5","hacker122f01f","Ay-obami",1785176007
175268,343541,"yasookeh","yasookeh","Blacksaviour",1785176055
175271,218088,"ignite3d","Harsh","",1785177690
175272,284621,"Jemiiah","Jeremiah","Jemiiah",1785178706
175273,299537,"Rogersterkaa","Rogersterkaa","rogersterkaa",1785183069
175274,343609,"zeeesol","zeeonchain","zeeonchain",1785183270
175276,72292,"akashbiswas","Akash Biswas","akashbiswas0",1785184333
175278,114340,"U_d131d53e445b3a","Bratipah","Bratipah",1785186365
175280,326541,"U_1c468bc3f3b299","0xakaish","avishrakshe",1785186559
175284,331248,"U_ee5f8cb513c1f9","hacker81f41f5","wolf1276",1785188458
175285,343616,"swaru_20","swarupa","swarupasaha2005-hue",1785189628
175290,343623,"Liquid_ice","Liquid Ice","Leequidice",1785197078
175296,326746,"U_4839420f8fbe98","hacker60e13df","DeewakarBora",1785208942
175297,313540,"alpha3phyro","Madesh Vaithya","bot80-alt",1785216704
175298,313509,"harishv06","Harish V","",1785216704
175299,342674,"jeyaguru_j","Jeyaguru J","",1785216704
175300,313581,"U_ab0e89384ee9ae","harishraj.S","",1785216704
175301,229252,"dhivyapraban","dhivyapraban","dhivyapraban",1785216704
175308,343455,"U_125e5c8f902ec2","GreatSage-dev","GreatSage-dev",1785218470
175312,343521,"U_e0d6f8363f25d5","hacker3dc729b","KennyGodman",1785226806
175313,202342,"U_4d2f222ab55732","JoshSolvesProblems","Jitimay",1785226889
175314,326517,"midasbal","midasbal","midasbal",1785226992
175315,194656,"dineshtalwadker","Dinesh Talwadker","dinxsh",1785228465
175316,343661,"Marc-Dvci","Marc-Dvci","Marc-Dvci",1785229899
175317,340542,"OliverStevenson","Oliver Stevenson","Oliverknowledge",1785230105
175319,343639,"darkty0x","Daisuke Hiroki","darkty0x",1785231613
175322,326044,"Estarkunmi","Estar","kunmiesther",1785233013
175331,328114,"sniperchief","Chief","sniperchief",1785247177
175339,330006,"U_8ecb2e50ebde7b","Arpan Roy","arg0506",1785250080
175342,343493,"U_f1db250a767c45","Sparexonzy","Sparexonzy95",1785253917
175344,258704,"U_551e401944a54f","hacker6a5b8a2","kenny-svg",1785254891
175345,343368,"PopularAnon","Popular_Anon","Ade-akanfe",1785256695
175349,4299,"manyrios56","manyrios56","ManyRios",1785258233
175350,343677,"TokenScanSD","TokenScanSD","wahyudi100715",1785258863
175351,214056,"sugu","Suganthan","Suganthan96",1785259804
175352,245914,"suyash_444","suyash_007","suyash242004",1785261384
175357,340263,"FlareForward","FlareForward","FlareForward",1785272564
175361,188875,"roydevelops","snehendu098","snehendu098",1785285351
175365,343723,"kingofthemult","KingOfTheMultiverse","KingOfTheMultiverse",1785295722
175380,342825,"U_dc4a332f434449","Jett","Jett191",1785315058
175382,278942,"shreyas1234","Shreyas","shreyas-sovani",1785318657
175384,226358,"U_734f5f44af2b46","hacker8610b64","kelechikizito",1785319040
175385,335947,"winternet","winternet","gossipgirlonchain",1785319175
175388,336899,"U_c280a3f1ee21db","Blaqcaptain","captainebru84-sudo",1785324349
175400,303954,"U_4d49dc8f33bfac","hacker156f7f8","",1785339034
175405,306743,"Andreas","0x_andreas256","",1785363304
175406,343801,"U_84ae3034ab14e9","hacker83a32e0","",1785367199
175411,80739,"U_f39dade3dda151","kimerran","kimerran",1785382398
175418,330268,"w1193381997","donutshole","",1785391494
175421,343828,"U_72c09d0632319c","Lakshya","lxyaverse",1785397269
175426,321442,"U_c2ddfe18bde94","hacker021","harsh11067",1785410087
175427,170269,"youngAncient","YoungAncient","youngancient",1785415945
175432,333606,"U_71f510eb751ee0","Hang-Lin","NewNexus001",1785422428
175436,337677,"raviraj","raviraj","raviraj016-innovator",1785430210
175442,276628,"U_ef5d4adf1507c9","Webghost-prop","Webghost01-NG",1785437989
175444,132547,"adokiye","calledAdo","calledAdo",1785440004
175448,343414,"PAIMultiverse","Martin","martin-gedyk",1785448250
175451,335596,"U_f886a0d9122dcf","hacker7bf804d","",1785453376
175452,310158,"Prudent01234","Prudent","Prudentdev-xyz",1785453417
175455,343721,"zachbuilds","zachbuilds","zachbuilds26",1785458127
175464,340399,"U_530abb3598b8b","wngstnr-code","wngstnr-code",1785478891
175470,213377,"U_341541ac0e9f38","hacker196f640","DiveshChauhan123",1785490422
175471,343922,"ihaveclones","ihaveclones","iamrobertmoore",1785490745
175475,216201,"Sadick_issaka","Sadick Issaka","Sadick14",1785493894
175479,343871,"Leyenda","Mark","211052932",1785507169
175483,132737,"prishank","shashank","",1785510747
175494,322530,"Bambamxbt","bambam","ajanaku1",1785524781
175495,336234,"yemiight","Donyemiight","Donyemiight",1785525073
175497,283372,"Sunnyboi","Sunnyboicrypto","davife2025",1785528238
175499,343958,"U_167881f05c2d4c","tahirbuyukhelvacigl","",1785528622
175501,343903,"U_34dfeee76ea0e0","hacker816f834","priyaraghavan23",1785528944
175509,343707,"thenicovale","Nico vale","DdDob",1785536016
175515,333980,"rookie_of_ph","damli40","damli40",1785543722
175518,343976,"U_2bf7374f8eb940","charleschibudom2","charleschibudom2-ux",1785548183
175522,343978,"U_a74501821a7330","kirilovamanolo490","",1785551635
175527,343982,"U_c09150f5cb53d7","cesarcaqui1901","",1785557677
175528,284407,"rehreh","Rehna","rehna-jp",1785558985
175533,205331,"Bear","karansahani78","Karansahani78",1785565671
175536,280432,"SpaceAI","SpaceMind","sofiadaniellarossi-cmd",1785573145
175541,175749,"artomily","artomily","artomily",1785581921
175551,343870,"U_7ff0891b7fa645","victorbenedict43","vibenedict",1785601619
175557,322095,"praise_prodigyy","Praise","Techkeyys",1785608399
175566,337708,"U_c264432a532899","Divyanshu Singh","Div1912",1785616740
175578,330373,"mateojk","MJ","mateojkk",1785622407
175579,342660,"Bobotrades0","David fadoju","Bobo2005",1785624886
175585,105986,"mashharuki","mashharuki","mashharuki",1785646530
175587,81868,"U_24b637f7e4a067","dinesh11515","dinesh11515",1785650971
175588,327564,"Darouma","Darouma","dmetagame",1785655361
175591,344077,"nabilaufa","Nabil-Aufa","Nabil-Aufa",1785663459
175595,252142,"U_4cb07e04799120","maulana-tech","maulana-tech",1785672068
175596,341094,"Divineisnothman","Divine Dilibe","TheWeirdDee",1785673389
175599,186199,"Disassembler","Ataberk Şeker","",1785677464
175604,258753,"Me_","Me","oderahub",1785687491
175605,96730,"U_79005763a816e1","youtpout","youtpout",1785687588
175607,328617,"shanks","shanks","Shanks-btc",1785688340
175608,335881,"U_d1dc7bfe95e9e9","Eminent","eminentcodes",1785689000
175610,312987,"RishitaSeal","Pixie","Pixie-19",1785689384
175613,341991,"U_cf3628be21c623","Aradhya Agrawal","PhAnToMxSD",1785692576
175614,314366,"ankit-raj-11","Ankit raj","Ankit-raj-11",1785694422
175617,344047,"U_74ab4b02c61b23","23f2001033","23f2001033",1785704625
175621,324242,"kiter","kiter","PhiBao",1785708904
175626,41419,"U_97132a6c27becd","IsaacXVoxel","",1785717820
175633,166654,"Joseph_Mwangi","Joseph Mwangi","JosephNjorog",1785729585
175635,344140,"U_561d8b3d0a0ac2","adi","",1785740450
175641,143389,"fahmin","fahmin","fahmmin",1785747365
175643,344158,"U_54561565219f3b","arvindcr4","",1785748824
175647,77946,"madhav","Madhav","Madhav-Gupta-28",1785755083
175651,344175,"U_34433fc840d0f7","ehonemmanuel7","Emmythefirst",1785760452
175653,325675,"minos","minos","shrooms08",1785761943
175661,123537,"deepak18","0xdeepak18","deepakA18",1785770205
175662,219753,"U_3916febc1a673e","AlexanderMatt","Axlnd3r",1785771679
175664,344205,"divyansh333","divyanshkumar027","divyanshkumar333",1785771799
175668,94435,"folawewo","Anthony","Folawewo",1785776899
175669,82703,"U_d3f29eecf0c9e4","hacker7470","devarogundade",1785780740
175670,327201,"U_d2481c42b268dc","Heisbei_","Dotman-Bei",1785781814
175672,205003,"U_0ac095231b0615","ShivamSoni20","ShivamSoni20",1785783181
175676,339607,"shahwali-dev","Shah Wali","shahwali-dev",1785785629
175683,322544,"JS26","hacker@0007","",1785790679
175684,167413,"U_34ebc84cf69f73","Hacker777","",1785790698
175688,83510,"abdrauf","abdrauf","abdraufdele",1785802048
175697,342014,"idriskinze","idriskinze","idriskinze86",1785817628
175699,296749,"U_b58cfd795061bd","XRazeX","Jonathan-04-code",1785819070
175700,307625,"U_84687024130f38","Madhan","JMadhan1",1785820066
175703,297488,"U_7b3721195098d3","hacker2b888e6","satianurag",1785826982
175704,344266,"U_b360beda5fc75c","kackysaini8","",1785828499
175715,324003,"U_40caec3afabfd8","khorr_age","khoragee",1785841538
175716,344297,"huzaifa_2004","Huzaifa siddiqui","huzi0000",1785842929
175719,344078,"anoop","anoopbalan","anoopbalan25-creator",1785851406
175723,324341,"U_1ffd2f78e3fc6d","hacker2273cc8","ShalyX",1785855666
175727,335668,"U_7d3858d534c460","Mr Sage","GreatSage-dev",1785861644
175736,344313,"U_a50e5325dfe6fb","tirthzz-ctrl","",1785867749
175744,338321,"U_ec95b6efb448c5","cyberrockng","cyberrockng",1785880117
175746,24101,"U_85546eb2e87f9c","ChibuenyimE","",1785881902
175748,344342,"U_e542e0b3d883e1","eburujacintha","Dearie-de-cybek",1785886489
175750,278208,"U_cc2614b257ca25","aydi26","",1785888587
175751,342016,"U_750a1600e30233","Mofe-Bankole","Mofe-Bankole",1785894610
175752,208579,"iteoluwakisi","iteoluwakisi.eth","Belloabraham121",1785895792
175756,31300,"Carly17","Carly | Blockchain Security & MEV","Carlys17",1785901421
175758,344351,"astrokid","astrokid","",1785903471
175759,97721,"U_3fe5deea5d56a7","IJHO-NUl1l1","IJHO-NUl1l1",1785905316
175765,344340,"ferz","Ferz","ferzerz5-lab",1785911420
175767,215930,"shardzdb","Shardz","Shardz4",1785912192
175776,260166,"gemteplayer1","Shittuking","shittuking",1785920376
175782,341476,"U_c829f6e4a92126","Stepchik","j8cvgrm9ff-netizen",1785927508
175784,337680,"CaspianLabs","Caspian","",1785933227
175786,344278,"bigchiano","chrisochuko","bigchiano",1785934484
175793,209929,"atSingu_iitk","singUwUlarity","Singularityy0",1785941255
175795,259417,"Jayy4rl","Jayy4rl","Jayy4rl",1785943619
175803,343442,"U_94d6c3e46aee0f","Hashir Ahmad Dawood","tommycet",1785953426
175805,344224,"U_c9e66d56c1a0b2","hackerCoder","",1785956242
175810,135923,"i_am_dflame","David_Praise","Tonyflam",1785965064
175811,344374,"ochinimus","Sergiu O","seekdaseek",1785965804
175812,232614,"skahlo148","skahlo","SKAHLO",1785966702
175814,342806,"moustafa","moustafa","Leroiduxd",1785971025
175815,340744,"davre0","davre0","davre001",1785973130
175816,341170,"Mazwancreatives","Mazwan","Mazwancreatives",1785973130
175817,341167,"Dayston","Dayston","Xyrelix",1785973130
175818,322917,"U_5ab326b2134f8b","Divyansh jamwal","divyansh-v15-06",1785973461
175819,344416,"U_9b05510dfbb35b","Zoracle Labs","folajindayo",1785973922
175824,338800,"p3ris0n","p3ris0n","p3ris0n",1785977461
175827,247004,"SirHacksAlot","Sir Hacks A lot","EcosystemNetwork",1785984876
175830,329744,"U_a24745733ac017","Pratiikpy","",1785990568
175833,325911,"U_d0eb37fff8d044","hacker4e2ff55","ramanarolla1-source",1786000326
175839,176995,"g-prof","Emmanuel","Obiajulu-gif",1786007115
175840,183632,"devqueenn","DevQueen","oyingrace",1786007879
175847,336628,"U_0eb1adf2ad73ef","juhzinho","juhzinho",1786029953
175850,344334,"emperorjs","Emperor JS","emperorjsx",1786031610
175855,104530,"U_8f97ed3c75e47a","siddhant-k08","siddhant-k08",1786038901
175858,43834,"jagtapyash2512","0x_yasshhh_","yash251",1786041011
175860,337426,"Risingtell","Rising Technology","Risingtell",1786041629
175862,207407,"sigma_coder","Charles M S","charlesms1246",1786045211
175875,337062,"U_2df353e5cc94bf","JIMOH SODIQ BOLAJI","sodiq-code",1786082742
175878,123855,"oynozan","oynozan","oynozan",1786083986
175881,316034,"prieyan","prieyan","PRIEYAN",1786091957
175885,344548,"U_a5b4d734e04341","Leo","huolongluo",1786098663
175888,339915,"mide_xol","midexol","midexol",1786105033
175890,325770,"janneh2000","Janneh2000","janneh2000",1786110336
175897,344572,"U_16f093c95f5421","adepojutomiwa9","CryptoZephyr",1786115232
175904,277803,"U_fa7efe9392174d","HackonHack","Shlok1729",1786123566
175908,163086,"Maa-ly","Maa-ly","Maa-ly",1786142897
175909,99008,"U_d7e93fbcd8db47","Ily12as","",1786145021
175910,94609,"U_288dd46e5b78","Majidrashid","",1786145021
175911,43675,"U_07b69224c101f4","Theresa Kennedy","CodeBlackHackathon",1786145021
175912,20599,"faithful1ofall","faithful1ofall","faithful1ofall",1786145021
175913,187941,"AbdoViper","Abdelrahman Ahmed","AbdoViper23",1786145144
175916,203428,"Sadik_Sanzo","Sadik_Sanzo","sadik-tofik",1786160407
175919,339720,"AustinChris","Austin Chris","AustinChris1",1786168971
175922,315592,"im-a-nuel","im-F","Im-A-Nuel",1786173165
175928,322150,"Duns","mightycurry","dun999",1786187427
175938,343220,"x0130905","Goodwin","",1786201325
175948,20481,"U_f1c85352e8e27","holyAustin","holyaustin",1786210399
175953,344652,"U_080b5c36e696fc","Mridul-06-stack","Mridul-06-stack",1786213947
175956,344655,"aryxx4","ARY4","ARY4T",1786215394
175961,66850,"GokhanC","GokhanC","GokhanCey",1786228138
175975,332338,"neromtoobad","neromtoobad","neromtoobad",1786250906
175995,72046,"papajimjams","papajimjams","thisyearnofear",1786266688
175996,341545,"spiffamani","spiffamani","spiffamani",1786266884
176012,344106,"U_e46cace20d2957","Emmanuel-webDev","Emmanuel-webDev",1786285240
176013,217325,"nashki","nashki","ikhsanRamadhan",1786285367
176019,333410,"U_4eb86d8ebd2e7b","Max","MaxxxDong",1786287828
176036,231010,"maydarrell","maydarrell","FernandoMay",1786303325
176043,308470,"shivanshpathak95","SHIVANSH","shivanshpathak95",1786307498
176048,73325,"raldblox","raldblox","raldblox",1786315085
176053,190027,"U_07684431d5f6a9","OkeyAmy","OkeyAmy",1786320574
176055,303867,"U_10cde95f197b6e","saoro","javierpmateos",1786326447
176058,335190,"Mystiquemide001","mystiquemide","mystiquemide",1786330421
176060,343935,"U_a77a290b071c7f","adeyeleenoch01","dammygreene",1786334667
176079,251365,"U_Dude","The_Dude","Marvy247",1786354918
176082,54394,"U_6cd2a46a130238","angelraph","angelraph",1786357491
176084,324963,"Henessay","Henessay","henessay",1786357661
176088,123827,"argenestel","arg","argenestel",1786360779
176091,332445,"mahibkhan","maby","Maby02",1786361239
176100,309092,"Krish7-9","KRISHNA","SRIKRISH-S",1786363066
176107,344754,"michaelmann","Michael Mann","",1786368175
176111,96613,"U_534f783273a2c","Hexdee","Hexdee",1786371976
176117,344864,"U_19190e581edc1b","flarefoward","acunaladies27-maker",1786379080
176123,325482,"RitaCryptoTips","RitaCryptoTips","Ritapossible",1786381379
176147,344245,"RookAiAgent","RookAiAgent","Ai-Rook",1786397023
176149,192944,"U_382dc31c254a55","visualise_crypto","uzochukwuv",1786404632
176156,310482,"exluminate","asamarsal","asamarsal",1786419242
176161,344871,"shunling08","Stephenovo","stephenovo",1786428620
176169,328771,"kirahszn","Kirah","donlykirah",1786436947
176170,313877,"mansi0x","Mansi","Mansi2007275",1786438167
176174,341232,"U_2860ca7e80a853","Ubong Ntekim","ubongn",1786443957
176178,170431,"U_e1e58623e14cd2","hacker18","ombaviskar18",1786447122
176183,215954,"U_e3b8e5170b282","LSUDOKO","LSUDOKO",1786455221
176184,326016,"U_9c6cdd123b5011","Ali","Alike001",1786455988
176185,332360,"mishface","mishface","AmanM006",1786456933
176198,343830,,"yangyangmathematics-byte","yangyangnovelist-hub",1786463246
176202,225680,"georgekarapi","georgekarapi","georgekarapi",1786466623
176203,332034,"major101x","Ola","major101x",1786466647
176215,65069,"Amaan","AmaanSayyad","AmaanSayyad",1786478501
176222,315664,"Rasslonely","Rasslonely","Rasslonely",1786480537
176236,217229,"chefsavy","𝙳 𝙲𝙷𝙴𝙵","CHEF-SAVY",1786490489
176238,224031,"Teckdegen","Teck","Teckdegen",1786491698
176241,343338,"Riri_unfiltered","Riri","Justriri",1786494044
176242,344576,"U_91f038fd5d6755","hacker4f003f3","",1786495794
176246,290844,"BigBostonGuy","BBG","",1786499823
176250,254380,"dienmsk","scientivan","scientivan",1786501303
176266,345048,"Deeen_Codes","Tajudeeen","Tajudeeen",1786527342
176268,324753,"U_91693041b0d5ea","abaresks24","abaresks24",1786527821
176272,250239,"kafir","kafir","Kafiirr",1786529455
176286,344705,"U_253aa8bdfeb958","christopherakwuba4","drained69",1786539059
176288,345083,"bagusss66_","bagusardinp","bagusardin25",1786544322
176296,322963,"Samwissyy","Samwissyy","Akeredolu-Samuel",1786551722
176300,332231,"Datweb3guy","Datweb3guy","Datwebguy",1786553539
176301,344080,"Milites-Christi","Clay — Milites-Christi","Milites-Christi",1786554210
176304,251850,"mimpowo","mimpowo","envexx",1786556372
176307,205810,"Vasqq","Vasqq","Vasqq",1786558615
176311,262712,"U_2957788bfd0a10","hacker2e97fba","",1786560578
176317,200893,"kaptan_web3","Kaptan","karagozemin",1786567366
176319,321639,"khushvinder_01","khushvinder","thakursanju",1786567937
176322,160640,"Spydiecy","Tanishq","Spydiecy",1786569647
176323,345114,"TechAlien","ukachi chibueze","",1786569850
176324,140274,"FarajiOranj","FarajiOranj","FarajiOranj",1786570721
176334,185773,"Holuwaphemmy","Holuwaphemmy","Holuwaphemmy01",1786577109
176335,280557,"olathepavilion","Pavilion","Pavilion-devs",1786580008
176343,312656,"cassxbt","Cassxbt","cassxbt",1786586190
176345,345127,"U_c22c45a1ff077f","Lava","",1786587861
176347,154851,"vivekjami","vivekjami","",1786589250
176363,320585,"Timothy_Chimbiv","Timothy","Terese678",1786600986
176366,253902,"Rezacrown","Rizky Reza","Rezacrown",1786602371
176369,334921,"asuran","zkasuran","zkasuran",1786603147
176378,130135,"U_24f1f5da36f63e","Ayush","ayush4003",1786606504
